count,tags
52346,#food
28264,#happy
26449,#vegan
21245,#recipe
20863,#fitness
18234,#health
15245,#foodie
12431,#healthy
11778,#lifestyle
10941,#gym
10188,#love
9916,#diet
9695,#recipes
8946,#motivation
8416,#organic
8372,#wellbeing
8334,#weightloss
7988,#nutrition
7868,#exercise
6222,#foodporn
5829,#workout
5493,#fit
5291,#contest
5200,#granola
5188,#bananabread
5125,#bakeryfreshfriends
5124,#sunbeltbakery
4569,#wellness
4534,#travel
4532,#cooking
4346,#life
3964,#thermomix
3962,#dessert
3576,#yummy
3434,#fashion
3427,#smile
3374,#instagood
3342,#fun
3153,#delicious
3098,#inspiration
2977,#healthyfood
2856,#glutenfree
2788,#success
2697,#beautiful
2565,#dinner
2557,#beauty
2505,#vegetarian
2434,#photooftheday
2434,#happiness
2280,#cute
