count,tweeter
1792,tirolith
1315,_RadioPLENITUDE
992,thermomix_club
991,thermomix_uk_
990,thermorecipes
982,thermomix_mag
960,recipeofcuisine
959,noshrecipesclub
957,club_recipes
956,mealrecipes
954,recipesnosh
701,HomeOfGastro
639,mypassion4food
599,WeTee_Design
561,ItalianGrocery
503,healthyzonenr1
489,recipes_club
449,pickyfork
406,hashFoods
405,receptkulinara
351,diet_jp_bot
346,MassCreativity
343,CalvinArmour7
331,dietnote2
329,airprie
319,fabveggievegan
317,diet788
315,FabFood4All
306,yeahnoworries
304,Lean4Lifetime
292,Dr_diet_drd
291,healthylifevids
288,nomeatnodairy
286,TWNglobal
267,Soulecting
263,SoulfullySue
256,HealthFitnessP
248,Charlesfrize
243,personalfitnes3
243,CPTS_online
220,MorningTempest
216,kyleecooks
204,Vegan_Newz
199,Newvanangel
186,AltWaysToHeal
183,4healthyfoodies
172,veganposters
170,megafitnessnews
168,HeyWeddingDay
165,S_diet_bot
